{"cameraMode":{"drawMode":0,"name":"Shaded","section":"Shading Mode"},"sceneLighting":true,"audioPlay":false,"sceneViewState":{"m_AlwaysRefresh":false,"showFog":true,"showSkybox":true,"showFlares":true,"showImageEffects":true,"showParticleSystems":true,"showVisualEffectGraphs":true,"m_FxEnabled":true},"in2DMode":false,"pivot":{"x":-21.08122444152832,"y":0.24659061431884767,"z":-45.12916946411133},"rotation":{"x":0.27356112003326418,"y":-0.35334858298301699,"z":0.10761478543281555,"w":0.8882967829704285},"size":9.959541320800782,"orthographic":false}